code;image_url;product_name;quantity;serving_size;packaging;brands;brands_tags;brand_owner;categories;categories_tags;labels;labels_tags;countries;countries_tags;ingredients_text_en;allergens;allergens_tags;nutrition_data_per;energy_kj_value;enerkj_unit;energy_kcal_value;energy_kcal_unit;fat_value;fat_unit;saturated_fat_value;saturated_fat_unit;carbohydrates_value;carbohydrates_unit;sugars_value;sugars_unit;fiber_value;fiber_unit;proteins_value;proteins_unit;salt_value;salt_unit;sodium_value;sodium_unit;energy_value;energy_unit;vitamin_c_value;vitamin_c_unit;vitamin_b6_value;vitamin_b6_unit;vitamin_b12_value;vitamin_b12_unit;potassium_value;potassium_unit;calcium_value;calcium_unit;caffeine_value;caffeine_unit;taurine_value;taurine_unit;food_groups_tags;nutriscore_grade
7,61304E+12;https://images.openfoodfacts.org/images/products/761/303/553/0799/front_en.199.400.jpg;NESQUIK Moins de Sucres;350 g;219.9 g ((200 ml lait 1/2 écrémé + 2 c. à c. bombées 13,5 g));Plastic, HDPE - High-density polyethylene, Box, PP - Polypropylene, fr:Opercule en plastique;Nestlé,Nesquik;['nestle', 'nesquik'];NULL;Beverages,Breakfasts,Cocoa and its products,Hot beverages,Cocoa and chocolate powders,Instant beverages,Chocolate powders;['en:beverages', 'en:breakfasts', 'en:cocoa-and-its-products', 'en:hot-beverages', 'en:cocoa-and-chocolate-powders', 'en:instant-beverages', 'en:chocolate-powders'];Low or no sugar,Low sugar,No gluten,Reduced sugar,Green Dot,Made in France,Nutriscore,Nutriscore Grade A,Rainforest Alliance,fr:Triman;['en:low-or-no-sugar', 'en:low-sugar', 'en:no-gluten', 'en:reduced-sugar', 'en:green-dot', 'en:made-in-france', 'en:nutriscore', 'en:nutriscore-grade-a', 'en:rainforest-alliance', 'fr:triman'];Belgium,France,Hungary,Italy,Martinique,Réunion,Spain,Switzerland;['en:belgium', 'en:france', 'en:hungary', 'en:italy', 'en:martinique', 'en:reunion', 'en:spain', 'en:switzerland'];lean cocoa powder (28%), soluble corn fiber, sugars, oat flour**, emulsifier (soy lecithin), natural flavors, vitamins (c, d), cinnamon, **gluten-free,;en:gluten,en:soybeans;['en:gluten', 'en:soybeans'];100g;1370;kJ;327;kcal;05.apr;g;02.feb;g;45.2;g;25;g;29.iun;g;09.ian;g;0.08;g;0.032;g;1370;kJ;150;mg;NULL;NULL;NULL;NULL;NULL;mg;252;mg;NULL;NULL;NULL;NULL;[];a
3,03371E+12;https://images.openfoodfacts.org/images/products/303/371/006/5783/front_en.184.400.jpg;Le Choco;500 g;221.4 g (1 tasse (15 g + 200 ml de lait 1/2 écrémé));Boîte,Boîte de conserve ou canette,Canette,Couvercle Plastique,Opercule en métal,Opercule plastique;Nestlé,Le chocolat;['nestle', 'le-chocolat'];NULL;Boissons,Petit-déjeuners,Cacao et dérivés,Boissons chaudes,Cacaos et chocolats en poudre,Boissons instantanées,Boissons sans alcool,Cacaos en poudre,Chocolats en poudre,Poudre cacaotée pour boisson sucrée;['en:beverages', 'en:breakfasts', 'en:cocoa-and-its-products', 'en:hot-beverages', 'en:cocoa-and-chocolate-powders', 'en:instant-beverages', 'en:non-alcoholic-beverages', 'en:cocoa-powders', 'en:chocolate-powders', 'en:cocoa-powder-for-beverages-with-sugar'];Sans gluten,Point Vert,Fabriqué en France,Nutriscore,Nutriscore A;['en:no-gluten', 'en:green-dot', 'en:made-in-france', 'en:nutriscore', 'en:nutriscore-grade-a'];Belgique,France,Guadeloupe,Martinique,Nouvelle-Calédonie,La Réunion;['en:belgium', 'en:france', 'en:guadeloupe', 'en:martinique', 'en:new-caledonia', 'en:reunion'];"chocolate powder 98%
sugar,  cocoa,  emulsifier : soya lecithin,  aroma,  cinnamon, 
cocoa : 32% minimum";en:soybeans;['en:soybeans'];100g;1678;kJ;398;kcal;07.sept;g;04.feb;g;70.4;g;65.8;g;09.ian;g;06.aug;g;0.12;g;0.048;g;1678;kJ;NULL;NULL;NULL;NULL;NULL;NULL;NULL;NULL;NULL;NULL;NULL;NULL;NULL;NULL;[];b
7,61304E+12;https://images.openfoodfacts.org/images/products/761/303/523/9562/front_fr.206.400.jpg;Nesquik;700 g;210ml;Plastique, Boîte, Boîte en plastique, Opercule en plastique;Nestlé,Nesquik;['nestle', 'nesquik'];NULL;Boissons, Petit-déjeuners, Cacao et dérivés, Boissons chaudes, Cacaos et chocolats en poudre, Boissons instantanées, Chocolats en poudre;['en:beverages', 'en:breakfasts', 'en:cocoa-and-its-products', 'en:hot-beverages', 'en:cocoa-and-chocolate-powders', 'en:instant-beverages', 'en:chocolate-powders'];Sans gluten, Point Vert, Fabriqué en France, en:Nestlé Cocoa Plan;['en:no-gluten', 'en:green-dot', 'en:made-in-france', 'en:nestle-cocoa-plan'];Belgique,France,Suisse;['en:belgium', 'en:france', 'en:switzerland'];sugar, lean cocoa (21.3%), emulsifier: soy lecithin, salt, vitamins: c, b1, d, minerals: iron pyrophosphate, zinc sulphate, cinnamon, natural aroma,;en:soybeans;['en:soybeans'];100g;296;kJ;70;kcal;01.aug;g;01.ian;g;09.aug;g;09.mai;g;0.4;g;03.iun;g;0.14;mg;0.056;mg;296;kJ;08.apr;mg;NULL;NULL;NULL;NULL;210;mg;118;mg;NULL;NULL;NULL;NULL;[];b
3,03371E+12;https://images.openfoodfacts.org/images/products/303/371/007/4525/front_fr.138.400.jpg;NESCAFÉ SPECIAL FILTRE L'Original Flacon de 200g;200 g;100g;Plastique, Boîte;Nestlé, Nescafe, Special filtre;['nestle', 'nescafe', 'special-filtre'];NULL;Aliments et boissons à base de végétaux, Boissons, Aliments d'origine végétale, Boissons chaudes, Cafés, Boissons instantanées, Cafés solubles;['en:plant-based-foods-and-beverages', 'en:beverages', 'en:plant-based-foods', 'en:hot-beverages', 'en:coffees', 'en:instant-beverages', 'en:instant-coffees'];Point Vert, Triman;['en:green-dot', 'fr:triman'];Belgique,France,Suisse,en:france;['en:belgium', 'en:france', 'en:switzerland'];soluble coffee,;;[];100g;484;kJ;118;kcal;0.2;g;0.1;g;03.ian;g;03.ian;g;34.1;g;7;g;0.25;g;0.1;g;484;kJ;NULL;NULL;NULL;NULL;NULL;NULL;NULL;NULL;NULL;NULL;NULL;NULL;NULL;NULL;[];NULL
3,03447E+12;https://images.openfoodfacts.org/images/products/303/447/000/3107/front_en.170.400.jpg;Original;400g;210ml;fr:Couvercle en plastique, fr:Opercule papier, fr:Pot en plastique;Benco;['benco'];NULL;Boissons,Snacks,Snacks sucrés,Petit-déjeuners,Cacao et dérivés,Boissons chaudes,Chocolats,Cacaos et chocolats en poudre,Boissons instantanées,Cacaos en poudre,Chocolats en poudre,Poudre cacaotée pour boisson sucrée,Boissons avec sucre ajouté,Granulés;['en:beverages', 'en:snacks', 'en:sweet-snacks', 'en:breakfasts', 'en:cocoa-and-its-products', 'en:hot-beverages', 'en:chocolates', 'en:cocoa-and-chocolate-powders', 'en:instant-beverages', 'en:cocoa-powders', 'en:chocolate-powders', 'en:cocoa-powder-for-beverages-with-sugar', 'en:sweetened-beverages', 'fr:granules'];Sans gluten,Nutriscore,Nutriscore B;['en:no-gluten', 'en:nutriscore', 'en:nutriscore-grade-b'];France;['en:france'];sugar, heavily fattened cocoa, biscuit cereals (barley wheat flours, malted wheat), salt, vanilla flavour, honey, vitamin b1,;en:gluten;['en:gluten'];100g;1598;kJ;377;kcal;02.mar;g;01.apr;g;80;g;78;g;06.iul;g;04.aug;g;0.23;g;0.092;g;1598;kJ;NULL;NULL;NULL;NULL;NULL;NULL;NULL;NULL;NULL;NULL;NULL;NULL;NULL;NULL;['en:sugary-snacks', 'en:chocolate-products'];b
7,6121E+12;https://images.openfoodfacts.org/images/products/761/210/006/6317/front_en.7.400.jpg;Ovomaltine;400 g;100g;Bocal plastique;Ovomaltine;['ovomaltine'];NULL;Aliments et boissons à base de végétaux, Boissons, Aliments d'origine végétale, Céréales et pommes de terre, Petit-déjeuners, Céréales et dérivés, Cacao et dérivés, Boissons chaudes, Boissons végétales en poudre, Cacaos et chocolats en poudre, Boissons instantanées, Boissons végétales de céréales en poudre, Chocolats en poudre;['en:plant-based-foods-and-beverages', 'en:beverages', 'en:plant-based-foods', 'en:cereals-and-potatoes', 'en:breakfasts', 'en:cereals-and-their-products', 'en:cocoa-and-its-products', 'en:hot-beverages', 'en:powdered-plant-milks', 'en:cocoa-and-chocolate-powders', 'en:instant-beverages', 'en:powdered-cereal-milks', 'en:chocolate-powders'];Cacao certifié UTZ;['en:sustainable-farming', 'en:utz-certified', 'en:utz-certified-cocoa'];France,Suisse, en:belgium, en:guadeloupe, en:reunion;['en:belgium', 'en:france', 'en:guadeloupe', 'en:reunion', 'en:switzerland'];extract of malted barley (dry extract of 51%), skimmed milk, concentrated (dry extract 10%), whey concentrate ( milk ), lean cocoa (13%), sugar, fructose, magnesium carbonate, calcium phosphate, canola oil, vitamins (c, niacin,: pp, e, pantothenic acid : b5, riboflavin : b2, b6, thiamin : b1, a, folic acid b9, biotin : b8, b12), salt, aroma : vanillin,;en:gluten,en:milk;['en:gluten', 'en:milk'];100g;1592;kJ;376;kcal;2;g;1;g;78;g;51.1;g;4;g;09.apr;g;0.5;g;0.2;g;1592;kJ;NULL;NULL;12;mg;80;mg;NULL;NULL;NULL;NULL;NULL;NULL;16;mg;['en:cereals-and-potatoes', 'en:cereals'];NULL
3,06714E+12;https://images.openfoodfacts.org/images/products/306/714/001/3120/front_fr.154.400.jpg;Chicorée soluble nature;200 g;5 g;Verre,Opercule,Couvercle plastique;LEROUX;['leroux'];NULL;Aliments et boissons à base de végétaux,Boissons,Aliments d'origine végétale,Petit-déjeuners,Boissons chaudes,Boissons à base de végétaux,Cafés,Boissons instantanées,Chicorée soluble,Chicorée;['en:plant-based-foods-and-beverages', 'en:beverages', 'en:plant-based-foods', 'en:breakfasts', 'en:hot-beverages', 'en:plant-based-beverages', 'en:coffees', 'en:instant-beverages', 'en:instant-chicory', 'fr:chicoree'];Sans gluten,Source de fibres alimentaires,Riche en fibres,Sans caféine;['en:no-gluten', 'en:source-of-fibre', 'en:high-fibres', 'en:no-caffeine'];France,Espagne;['en:france', 'en:spain'];100% soluble chicory;;[];100g;1327;kJ;316;kcal;01.ian;g;0.5;g;57;g;26;g;32;g;03.iun;g;0.38;g;0.152;g;1327;kJ;NULL;NULL;NULL;NULL;NULL;NULL;NULL;NULL;NULL;NULL;NULL;NULL;NULL;NULL;[];e
3,70028E+12;https://images.openfoodfacts.org/images/products/370/027/840/0881/front_fr.74.400.jpg;Banania Original;400 g;200ml de lait demi écrémé + 15g de Banania;Plastique, Gourde;Banania;['banania'];NULL;Boissons,Petit-déjeuners,Cacao et dérivés,Boissons chaudes,Cacaos et chocolats en poudre,Boissons instantanées,Chocolats en poudre,Boissons avec sucre ajouté,Poudre chocolatée;['en:beverages', 'en:breakfasts', 'en:cocoa-and-its-products', 'en:hot-beverages', 'en:cocoa-and-chocolate-powders', 'en:instant-beverages', 'en:chocolate-powders', 'en:sweetened-beverages', 'fr:poudre-chocolatee'];Nutriscore;['en:nutriscore'];France;['en:france'];NULL;en:gluten;['en:gluten'];100g;NULL;kJ;NULL;kcal;NULL;g;NULL;g;NULL;g;NULL;g;NULL;g;NULL;g;NULL;g;NULL;g;NULL;NULL;NULL;NULL;NULL;NULL;NULL;NULL;NULL;NULL;NULL;NULL;NULL;NULL;NULL;NULL;[];b
3,18757E+12;https://images.openfoodfacts.org/images/products/318/757/001/5447/front_fr.108.400.jpg;Café moulu pur arabica des petits producteurs;500 g;NULL;Metal, Canned, Steel, Vacuum-packed, fr:Opercule en métal à recycler;Malongo;['malongo'];NULL;Aliments et boissons à base de végétaux, Boissons, Aliments d'origine végétale, Boissons chaudes, Cafés, Café Arabica, Cafés moulus, Café Arabica moulu;['en:plant-based-foods-and-beverages', 'en:beverages', 'en:plant-based-foods', 'en:hot-beverages', 'en:coffees', 'en:arabica-coffees', 'en:ground-coffees', 'en:arabica-ground-coffees'];"Commerce équitable, Fairtrade International, Max Havelaar, Entrepreneurs + Engagés, Entreprise du Patrimoine Vivant, Triman, PME+, World fair trade organization


";['en:fair-trade', 'en:fairtrade-international', 'en:max-havelaar', 'fr:entrepreneurs-engages', 'fr:entreprise-du-patrimoine-vivant', 'fr:triman', 'fr:pme', 'fr:world-fair-trade-organization'];France;['en:france'];100% arabica (100% ground coffee);;[];100g;NULL;NULL;NULL;NULL;NULL;NULL;NULL;NULL;NULL;NULL;NULL;NULL;NULL;NULL;NULL;NULL;NULL;NULL;NULL;NULL;NULL;NULL;NULL;NULL;NULL;NULL;NULL;NULL;NULL;NULL;NULL;NULL;NULL;NULL;NULL;NULL;['en:beverages', 'en:unsweetened-beverages'];NULL
7,61304E+12;https://images.openfoodfacts.org/images/products/761/303/527/2903/front_fr.108.400.jpg;RICORE chicorée café;200 g;4g;Métal;Nestlé;['nestle'];NULL;Boissons, Boissons chaudes, Boissons instantanées, Boissons-a-base-de-chicoree;['en:beverages', 'en:hot-beverages', 'en:instant-beverages', 'fr:boissons-a-base-de-chicoree'];Point Vert, Fabriqué en France, Nutriscore, Nutriscore A, Origine France;['en:green-dot', 'en:made-in-france', 'en:nutriscore', 'en:nutriscore-grade-a', 'fr:origine-france'];France;['en:france'];soluble coffee 33.2%, chicory fibre (oligofructose) 33%, soluble chicory 30%, magnesium sulphate,;;[];100g;577;kJ;141;kcal;0;g;0;g;09.ian;g;09.ian;g;45;g;02.iul;g;0.23;g;0.092;g;577;kJ;NULL;NULL;NULL;NULL;NULL;NULL;NULL;NULL;NULL;NULL;NULL;NULL;NULL;NULL;[];NULL
3,03371E+12;https://images.openfoodfacts.org/images/products/303/371/007/7274/front_fr.92.400.jpg;NES café soluble;200 g;serving;Métal, Boîte, Opercule en métal;Nescafé;['nescafe'];NULL;Aliments et boissons à base de végétaux, Boissons, Aliments d'origine végétale, Boissons chaudes, Cafés, Boissons instantanées, Cafés solubles;['en:plant-based-foods-and-beverages', 'en:beverages', 'en:plant-based-foods', 'en:hot-beverages', 'en:coffees', 'en:instant-beverages', 'en:instant-coffees'];;[];France,French Polynesia;['en:france', 'en:french-polynesia'];NULL;;[];100g;484;kJ;2;kcal;0;g;0;g;0;g;0;g;34.1;g;0.1;g;0;g;0;g;484;kJ;NULL;NULL;NULL;NULL;NULL;NULL;NULL;NULL;NULL;NULL;4;g;NULL;NULL;[];NULL
3,03371E+12;https://images.openfoodfacts.org/images/products/303/371/007/4518/front_nl.85.400.jpg;SPECIAL FILTRE L'Original;100 g;2g;Glas, Doos, Pot;Nescafé,Nestlé,Special filtre;['nescafe', 'nestle', 'special-filtre'];NULL;Aliments et boissons à base de végétaux, Boissons, Aliments d'origine végétale, Boissons chaudes, Cafés, Boissons instantanées, Cafés solubles, Boissons sans sucre ajouté;['en:plant-based-foods-and-beverages', 'en:beverages', 'en:plant-based-foods', 'en:hot-beverages', 'en:coffees', 'en:instant-beverages', 'en:instant-coffees', 'en:unsweetened-beverages'];Green Dot, fr:Triman, en:made-in-france;['en:green-dot', 'en:made-in-france', 'fr:triman'];France,Polynésie française,Suisse;['en:france', 'en:french-polynesia', 'en:switzerland'];café;;[];100g;484;kJ;118;kcal;0.2;g;0.1;g;03.ian;g;03.ian;g;34.1;g;07.aug;g;0.25;g;0.1;g;484;kJ;NULL;NULL;NULL;NULL;NULL;NULL;NULL;NULL;NULL;NULL;NULL;NULL;NULL;NULL;[];NULL
3,03371E+12;https://images.openfoodfacts.org/images/products/303/371/000/3228/front_fr.143.400.jpg;Chicorée & Céréales solubles - RICORÉ aux céréales - Boîte 250g;250 g;211.4g;Boîte, Carton, Sous-vide, Boîte en carton, Opercule en plastique;Nestlé,Caro;['nestle', 'caro'];NULL;Aliments et boissons à base de végétaux, Boissons, Boissons chaudes, Boissons à base de végétaux, Boissons instantanées, Boissons sans alcool, Chicorée soluble, Chicoree, Aliments d'origine végétale, Cafés, Cafés solubles;['en:plant-based-foods-and-beverages', 'en:beverages', 'en:plant-based-foods', 'en:hot-beverages', 'en:plant-based-beverages', 'en:coffees', 'en:instant-beverages', 'en:non-alcoholic-beverages', 'en:instant-coffees', 'en:instant-chicory', 'fr:chicoree'];Green Dot, No added sugar, Nutriscore, fr:Triman, en:nutriscore-grade-a;['en:green-dot', 'en:no-added-sugar', 'en:nutriscore', 'en:nutriscore-grade-a', 'fr:triman'];France;['en:france'];NULL;en:gluten,fr:Orge maltée;['en:gluten', 'fr:orge-maltee'];100g;1573;kJ;371;kcal;0.3;g;0.2;g;83;g;03.feb;g;8;g;05.ian;g;0.23;g;0.092;g;1573;kJ;NULL;NULL;NULL;NULL;NULL;NULL;NULL;NULL;NULL;NULL;NULL;NULL;NULL;NULL;[];d
7,61303E+12;https://images.openfoodfacts.org/images/products/761/303/256/8436/front_en.150.400.jpg;;280 g;164 g (14 g + 150 ml d'eau);Box, fr:Film en plastique, fr:boite plastique, Bocal;Nescafé, Cappuccino;['nescafe', 'cappuccino'];NULL;Aliments et boissons à base de végétaux, Boissons, Aliments d'origine végétale, Boissons chaudes, Cafés, Boissons instantanées, Cafés solubles, Cappuccino en poudre;['en:plant-based-foods-and-beverages', 'en:beverages', 'en:plant-based-foods', 'en:hot-beverages', 'en:coffees', 'en:instant-beverages', 'en:instant-coffees', 'en:powdered-cappucino'];Green Dot, Nutriscore, Nutriscore Grade D, en:nutriscore-grade-e, Triman;['en:green-dot', 'en:nutriscore', 'en:nutriscore-grade-d', 'en:nutriscore-grade-e', 'en:triman'];France,Martinique,La Réunion,Suisse;['en:france', 'en:martinique', 'en:reunion', 'en:switzerland'];sugar, skimmed milk powder 22%, glucose syrup, soluble coffee 13,8%, vegetable oil (coconut), lactose, acidity corrector (e340), salt, stabilizers (e331, e452),;en:milk;['en:milk'];100g;NULL;NULL;54;kcal;1;g;0.9;g;09.apr;g;07.ian;g;0.7;g;01.feb;g;0.12;g;0.048;g;54;kcal;NULL;NULL;NULL;NULL;NULL;NULL;NULL;NULL;NULL;NULL;NULL;NULL;NULL;NULL;[];d
8,7121E+12;https://images.openfoodfacts.org/images/products/871/210/082/4586/front_fr.120.400.jpg;Thé vert menthe;48 g;200 ml (200 Millil Etat après préparation);Papier, Boîte, Carton, Enveloppe, Boîte en carton, Enveloppe en papier;Lipton;['lipton'];NULL;Plant-based foods and beverages, Beverages, Hot beverages, Plant-based beverages, Teas, Green teas, Herbal teas, Non-Alcoholic beverages, Mint teas, en:green-teas-with-mint;['en:plant-based-foods-and-beverages', 'en:beverages', 'en:hot-beverages', 'en:plant-based-beverages', 'en:teas', 'en:green-teas', 'en:herbal-teas', 'en:non-alcoholic-beverages', 'en:mint-teas', 'en:green-teas-with-mint'];Point Vert,PEFC,Rainforest Alliance,Triman;['en:green-dot', 'en:pefc', 'en:rainforest-alliance', 'fr:triman'];France,Espagne,en:france;['en:france', 'en:spain'];NULL;;[];100g;NULL;NULL;4;kcal;0.5;g;0.1;g;0.5;g;0.5;g;0;g;0.5;g;0.01;g;0.004;g;4;kcal;NULL;NULL;NULL;NULL;NULL;NULL;NULL;NULL;NULL;NULL;NULL;NULL;NULL;NULL;['en:beverages', 'en:unsweetened-beverages'];c
3,06714E+12;https://images.openfoodfacts.org/images/products/306/714/003/7898/front_fr.55.400.jpg;Chicoree soluble nature bio 100g;100 g;serving;Plastique, Verre, Bocal, Pot en verre;Leroux;['leroux'];NULL;Aliments et boissons à base de végétaux, Boissons, Petit-déjeuners, Boissons chaudes, Boissons à base de végétaux, Produits déshydratés, Produits lyophilisés à reconstituer, Boissons instantanées, Chicorée soluble, Boissons sans sucre ajouté, Chicorée;['en:plant-based-foods-and-beverages', 'en:beverages', 'en:breakfasts', 'en:hot-beverages', 'en:plant-based-beverages', 'en:dried-products', 'en:dried-products-to-be-rehydrated', 'en:instant-beverages', 'en:instant-chicory', 'en:unsweetened-beverages', 'fr:chicoree'];"Bio, Végétarien, Bio européen, Végétalien, FR-BIO-01, Point Vert, Fabriqué en France, Sans caféine, AB Agriculture Biologique, Triman, en:100% d'origine végétale, en:Agriculture-france


";['en:organic', 'en:vegetarian', 'en:eu-organic', 'en:vegan', 'en:fr-bio-01', 'en:green-dot', 'en:made-in-france', 'en:no-caffeine', 'fr:ab-agriculture-biologique', 'fr:triman', 'en:100-d-origine-vegetale', 'en:agriculture-france'];France,Suisse;['en:france', 'en:switzerland'];NULL;en:gluten;['en:gluten'];100g;1445;kJ;342;kcal;0.5;g;0.5;g;73;g;28;g;15;g;03.mai;g;0.89;g;0.356;g;1445;kJ;NULL;NULL;NULL;NULL;NULL;NULL;NULL;NULL;NULL;NULL;NULL;NULL;NULL;NULL;[];NULL
8,711E+12;https://images.openfoodfacts.org/images/products/871/100/052/2967/front_en.50.400.jpg;Café Soluble;200 g e;NULL;Plastic, Glass, Jar, fr:Bocal en verre;Maxwell House;['maxwell-house'];NULL;Aliments et boissons à base de végétaux, Boissons, Aliments d'origine végétale, Boissons chaudes, Cafés, Boissons instantanées, Cafés solubles;['en:plant-based-foods-and-beverages', 'en:beverages', 'en:plant-based-foods', 'en:hot-beverages', 'en:coffees', 'en:instant-beverages', 'en:instant-coffees'];Point Vert, Triman;['en:point-vert', 'en:triman'];France;['en:france'];Un Assemblage Unique De Grains De Café Arabica Et Robusta Pour Vous Offrir Un Café Riche En Arômes Et En Goût.;;[];100g;NULL;NULL;1;kcal;0;g;0;g;0.3;g;0;g;0;;0.2;g;0;g;0;g;1;kcal;NULL;NULL;NULL;NULL;NULL;NULL;NULL;NULL;NULL;NULL;NULL;NULL;NULL;NULL;[];NULL
5,05595E+12;https://images.openfoodfacts.org/images/products/505/595/390/0292/front_fr.54.400.jpg;Gunpowder Thé Vert Nature;200 g;2g;Métal, Boîte, Couvercle en métal;TWININGS;['twinings'];NULL;Aliments et boissons à base de végétaux, Boissons, Boissons chaudes, Boissons à base de végétaux, Thés, Thés verts, Infusions;['en:plant-based-foods-and-beverages', 'en:beverages', 'en:hot-beverages', 'en:plant-based-beverages', 'en:teas', 'en:green-teas', 'en:herbal-teas'];;[];Belgique,France;['en:belgium', 'en:france'];NULL;;[];100g;NULL;NULL;NULL;NULL;NULL;NULL;NULL;NULL;NULL;NULL;NULL;NULL;NULL;NULL;NULL;NULL;NULL;NULL;NULL;NULL;NULL;NULL;NULL;NULL;NULL;NULL;NULL;NULL;NULL;NULL;NULL;NULL;NULL;NULL;NULL;NULL;['en:beverages', 'en:unsweetened-beverages'];NULL
7,61303E+12;https://images.openfoodfacts.org/images/products/761/303/316/2220/front_fr.167.400.jpg;Dolce Gusto Nesquik;256 g;166 g;Plastique, Bouchon de bouteille, Boîte, Capsule, Carton, Dose invididuelle, Bouchon de bouteille de vin, 21;Nescafé,Nescafé Dolce Gusto, Dolce gusto;['nescafe', 'nescafe-dolce-gusto', 'dolce-gusto'];NULL;Aliments et boissons à base de végétaux, Boissons, Aliments d'origine végétale, Snacks, Produits laitiers, Snacks sucrés, Petit-déjeuners, Cacao et dérivés, Boissons chaudes, Boissons lactées, Produits déshydratés, Produits lyophilisés à reconstituer, Cacaos et chocolats en poudre, Cafés, Boissons instantanées, Dosettes, Chocolats en poudre, Cafés en dosettes, Cafés en dosettes compatible Dolce Gusto, Dosettes Dolce Gusto;['en:plant-based-foods-and-beverages', 'en:beverages', 'en:plant-based-foods', 'en:snacks', 'en:dairies', 'en:sweet-snacks', 'en:breakfasts', 'en:cocoa-and-its-products', 'en:hot-beverages', 'en:dairy-drinks', 'en:dried-products', 'en:dried-products-to-be-rehydrated', 'en:cocoa-and-chocolate-powders', 'en:coffees', 'en:instant-beverages', 'en:capsules', 'en:chocolate-powders', 'en:coffee-capsules', 'en:dolce-gusto-compatible-coffee-capsules', 'fr:dosettes-dolce-gusto'];Point Vert, Hecho en España, Sin gluten, Triman;['en:green-dot', 'fr:triman', 'fr:hecho-en-espana', 'fr:sin-gluten'];Francia,España,Suiza, en:martinique, en:france;['en:france', 'en:martinique', 'en:spain', 'fr:francia', 'fr:suiza'];whole milk powder (46.8%), sugar, lean cocoa (10.6%), milk skimmed powder (2.7%), lactose, vegetable fat (coconut), natural aromas, mineral salts (calcium carbonate), emulsifier (soja lecithin), salt, yeast extract, vitamins (thiamine, niacin, pantothenic acid, b6, folic acid), cinnamon,;en:milk,en:soybeans;['en:milk', 'en:soybeans'];100g;1833;kJ;436;kcal;15.aug;g;10.feb;g;56.1;g;54.2;g;03.mar;g;15.aug;g;0.7;g;0.28;g;1833;kJ;75;mg;01.apr;mg;NULL;NULL;NULL;NULL;767;mg;NULL;NULL;NULL;NULL;['en:milk-and-dairy-products', 'en:milk-and-yogurt'];e
3,22888E+12;https://images.openfoodfacts.org/images/products/322/888/101/1138/front_fr.89.400.jpg;Lipton Thé Vert Menthe Intense 20 Sachets;32 g;100ml;Plastic, Bag, Box, Cardboard, Individual bag, Green dot, PEFC, Rainforest Alliance, Tidyman wastebasket, fr:Boite carton à recycler, fr:Film en plastique, fr:Film plastique à jeter, fr:Boîte en carton;Lipton,Unilever;['lipton', 'unilever'];NULL;Aliments et boissons à base de végétaux, Boissons, Aliments d'origine végétale, Boissons chaudes, Boissons à base de végétaux, Thés, Thés verts, Infusions, Thés à la menthe, Boissons sans sucre ajouté;['en:plant-based-foods-and-beverages', 'en:beverages', 'en:plant-based-foods', 'en:hot-beverages', 'en:plant-based-beverages', 'en:teas', 'en:green-teas', 'en:herbal-teas', 'en:mint-teas', 'en:unsweetened-beverages'];"Point Vert, PEFC, Rainforest Alliance
";['en:green-dot', 'en:pefc', 'en:rainforest-alliance'];Belgique,France,Suisse;['en:belgium', 'en:france', 'en:switzerland'];NULL;;[];100g;17;kJ;4;kcal;0;g;0.5;g;0.5;g;0.5;g;0;g;0.5;g;0;g;0;g;17;kJ;NULL;NULL;NULL;NULL;NULL;NULL;NULL;NULL;NULL;NULL;NULL;NULL;NULL;NULL;['en:beverages', 'en:unsweetened-beverages'];c
3,06714E+12;https://images.openfoodfacts.org/images/products/306/714/003/6303/front_fr.39.400.jpg;Chicoree liquide 250 ml;250 ml;7 ml;Plastique;Leroux;['leroux'];NULL;Aliments et boissons à base de végétaux, Boissons, Petit-déjeuners, Boissons chaudes, Boissons à base de végétaux, Aides culinaires, Boissons instantanées, Chicorée soluble, Aide culinaire sucrée, Boissons sans sucre ajouté, Chicorée;['en:plant-based-foods-and-beverages', 'en:beverages', 'en:breakfasts', 'en:hot-beverages', 'en:plant-based-beverages', 'en:cooking-helpers', 'en:instant-beverages', 'en:instant-chicory', 'en:sugary-cooking-helpers', 'en:unsweetened-beverages', 'fr:chicoree'];Point Vert, Fabriqué en France, 100 % d'origine végétale, Naturellement peu sucré, Naturellement sans caféine;['en:100-d-origine-vegetale', 'en:fabrique-en-france', 'en:naturellement-peu-sucre', 'en:naturellement-sans-cafeine', 'en:point-vert'];France;['en:france'];NULL;;[];100g;NULL;NULL;238;kcal;0.6;g;0.1;g;53;g;35;g;3;g;02.apr;g;0.14;g;0.056;g;238;kcal;NULL;NULL;NULL;NULL;NULL;NULL;NULL;NULL;NULL;NULL;NULL;NULL;NULL;NULL;[];NULL
7,61303E+12;https://images.openfoodfacts.org/images/products/761/303/454/1239/front_fr.121.400.jpg;RICORE Noir Intense, Café & Chicorée, Boîte 240g;240 g;102 g (2 g + 100 ml d'eau);Métal, Plastique, Boîte, Boîte de conserve ou canette, Canette, Boîte en métal;Nestlé, Ricore;['nestle', 'ricore'];NULL;Aliments et boissons à base de végétaux, Boissons, Boissons chaudes, Boissons à base de végétaux, Boissons instantanées, Boissons sans alcool, Chicorée et café en poudre soluble, Boissons sans sucre ajouté, Aliments d'origine végétale, Cafés, Cafés solubles;['en:plant-based-foods-and-beverages', 'en:beverages', 'en:plant-based-foods', 'en:hot-beverages', 'en:plant-based-beverages', 'en:coffees', 'en:instant-beverages', 'en:non-alcoholic-beverages', 'en:instant-coffees', 'en:instant-mix-of-chicory-and-coffee-powder', 'en:unsweetened-beverages'];Point Vert, Fabriqué en France, Nutriscore, Nutriscore B, Saveurs de l'Année, Saveurs de l'Année 2015, Triman;['en:green-dot', 'en:made-in-france', 'en:nutriscore', 'en:nutriscore-grade-b', 'fr:saveurs-de-l-annee', 'fr:saveurs-de-l-annee-2015', 'fr:triman'];France, en:switzerland;['en:france', 'en:switzerland'];NULL;;[];100g;575;kJ;141;kcal;0.5;g;0.1;g;07.iul;g;07.iul;g;48.7;g;3;g;0.15;g;0.06;g;575;kJ;NULL;NULL;NULL;NULL;NULL;NULL;NULL;NULL;NULL;NULL;NULL;NULL;NULL;NULL;[];b
7,61303E+12;https://images.openfoodfacts.org/images/products/761/303/321/4004/front_fr.138.400.jpg;NESQUIK Gout EXTRA CHOCO Poudre Cacaotée boîte 600g;600 g;219.9 g ((200 ml lait 1/2 écrémé + 2 c. à c. bombées 13,5 g));Plastique, Boîte, Opercule en plastique;Nestlé,Nesquik,Nesquik extra choco;['nestle', 'nesquik', 'nesquik-extra-choco'];NULL;Boissons, Petit-déjeuners, Cacao et dérivés, Boissons chaudes, Cacaos et chocolats en poudre, Boissons instantanées, Chocolats en poudre, Boissons avec sucre ajouté;['en:beverages', 'en:breakfasts', 'en:cocoa-and-its-products', 'en:hot-beverages', 'en:cocoa-and-chocolate-powders', 'en:instant-beverages', 'en:chocolate-powders', 'en:sweetened-beverages'];"Sans gluten, Point Vert, Nutriscore, Nutriscore B, Rainforest Alliance, Triman, Goût choco
";['en:no-gluten', 'en:green-dot', 'en:nutriscore', 'en:nutriscore-grade-b', 'en:rainforest-alliance', 'fr:triman', 'fr:gout-choco'];Belgique,France;['en:belgium', 'en:france'];sugar, lean cocoa (32%), emulsifier : soy lecithin, minerals : calcium acid pyrophosphate of iron, sulphate of zinc, vitamins : c, b1, d, salt, cinnamon, flavourings,;en:soybeans;['en:soybeans'];100g;1588;kJ;376;kcal;04.mai;g;02.feb;g;70.7;g;66.8;g;10.iun;g;7;g;0.38;g;0.152;g;1588;kJ;NULL;mg;NULL;NULL;NULL;NULL;NULL;mg;NULL;mg;NULL;NULL;NULL;NULL;[];b
7,61304E+12;https://images.openfoodfacts.org/images/products/761/303/600/9102/front_fr.108.400.jpg;NESQUIK Poudre Cacaotée boîte;500 g;219.9 g;Plastique,Boîte,Opercule en plastique;Nestlé,Nesquik;['nestle', 'nesquik'];NULL;Boissons,Petit-déjeuners,Cacao et dérivés,Boissons chaudes,Cacaos et chocolats en poudre,Boissons instantanées,Chocolats en poudre;['en:beverages', 'en:breakfasts', 'en:cocoa-and-its-products', 'en:hot-beverages', 'en:cocoa-and-chocolate-powders', 'en:instant-beverages', 'en:chocolate-powders'];Sans arômes artificiels,Sans gluten,Point Vert,Fabriqué en France,Nutriscore;['en:no-artificial-flavors', 'en:no-gluten', 'en:green-dot', 'en:made-in-france', 'en:nutriscore'];France;['en:france'];sugar, lean cocoa powder (21.3%)*, emulsifier: soy lecithin, salt, vitamins: c, b1, d, minerals: iron pyrophosphate, zinc sulfate, cinnamon, natural flavor, *varied origins,;en:soybeans;['en:soybeans'];100g;1634;kJ;386;kcal;03.iun;g;01.iun;g;78.9;g;75.1;g;07.iul;g;05.ian;g;0.41;g;0.164;g;1634;kJ;150;mg;NULL;NULL;NULL;NULL;NULL;mg;NULL;mg;NULL;NULL;NULL;NULL;[];b
